{"cameraMode":{"drawMode":0,"name":"Shaded","section":"Shading Mode"},"sceneLighting":false,"audioPlay":false,"sceneViewState":{"m_AlwaysRefresh":false,"showFog":true,"showSkybox":false,"showFlares":true,"showImageEffects":true,"showParticleSystems":true,"showVisualEffectGraphs":true,"m_FxEnabled":true},"in2DMode":false,"pivot":{"x":-9.517690658569336,"y":7.565637111663818,"z":11.106169700622559},"rotation":{"x":0.014079486951231957,"y":-0.05546644702553749,"z":0.0007821530452929437,"w":0.9983639717102051},"size":2.80942964553833,"orthographic":true}